req_id,llama_20251114T045113_20_argmax,qwen_20251114T050758_20_argmax,match
226,0,2,0
657,1,4,0
824,3,0,0
988,1,1,1
1005,3,3,1
1011,0,0,1
1140,1,1,1
1326,3,2,0
1555,1,1,1
1575,0,1,0
1723,2,2,1
1963,0,0,1
2288,4,2,0
2550,1,2,0
2555,1,2,0
2631,1,3,0
2795,0,1,0
2962,4,4,1
3120,0,1,0
3365,4,1,0
3401,0,0,1
3411,2,0,0
3573,1,2,0
3745,2,4,0
4087,0,0,1
4229,4,1,0
4280,3,4,0
4321,3,2,0
4653,1,2,0
4737,1,2,0
4917,1,2,0
4922,4,3,0
5373,2,3,0
5403,4,1,0
5407,0,0,1
5413,4,4,1
5725,3,2,0
5918,2,2,1
6125,0,0,1
6345,4,2,0
6411,3,3,1
6447,4,4,1
6498,4,0,0
6531,4,2,0
6778,2,0,0
6836,0,3,0
7022,3,3,1
7143,4,1,0
7331,3,3,1
7947,3,0,0
7965,4,2,0
8779,0,0,1
9226,0,0,1
9310,0,1,0
9437,3,3,1
9471,3,3,1
9675,4,4,1
9696,4,1,0
10905,2,2,1
11028,0,1,0
11061,3,0,0
11211,2,3,0
11217,1,2,0
11616,3,0,0
11704,3,3,1
11765,4,0,0
12085,1,4,0
12093,3,0,0
12618,3,0,0
12743,3,3,1
13333,2,3,0
13713,1,3,0
13823,4,2,0
13886,2,3,0
13989,1,1,1
14390,1,3,0
15272,4,2,0
15363,4,1,0
15379,1,2,0
15382,2,0,0
15638,0,0,1
15645,0,4,0
15780,4,0,0
15903,4,1,0
16153,0,3,0
16251,2,1,0
16704,4,0,0
16909,4,4,1
17033,4,3,0
17114,1,2,0
17579,0,0,1
17832,2,3,0
18102,1,3,0
18110,1,0,0
18383,3,0,0
18442,0,2,0
18533,2,3,0
18665,0,2,0
19298,1,1,1
19448,4,2,0
19482,1,2,0
19554,1,1,1
19610,2,4,0
19672,2,3,0
20094,0,2,0
20218,2,3,0
20220,0,0,1
20241,2,3,0
20483,3,3,1
20657,3,2,0
20768,2,3,0
21286,3,0,0
21379,4,2,0
21638,2,2,1
22500,4,4,1
22558,2,2,1
22597,1,1,1
22798,1,3,0
24471,4,2,0
24657,3,3,1
24740,0,3,0
25109,4,4,1
25247,2,2,1
25454,4,4,1
25898,1,1,1
25997,3,0,0
26517,1,4,0
26788,0,0,1
26898,2,3,0
26942,0,2,0
27510,4,2,0
28078,1,4,0
28158,1,2,0
28490,2,4,0
29169,1,2,0
29666,4,0,0
30056,2,2,1
30193,4,0,0
30228,3,2,0
30229,0,0,1
30252,4,1,0
30761,2,2,1
30956,2,4,0
31236,4,0,0
31299,3,1,0
32081,2,3,0
32166,3,3,1
32190,0,2,0
32570,3,4,0
32707,2,2,1
32829,1,1,1
33164,0,3,0
33198,2,3,0
33844,2,3,0
33984,4,1,0
34000,2,3,0
34356,2,1,0
34444,2,2,1
34717,0,0,1
35053,0,1,0
35236,3,3,1
35452,3,4,0
35519,2,2,1
35520,1,4,0
35549,0,3,0
35609,4,1,0
35739,4,0,0
35870,0,0,1
36089,2,3,0
36537,1,2,0
36543,2,2,1
36555,3,3,1
36597,2,3,0
36701,2,2,1
36748,3,3,1
36770,4,3,0
37153,1,2,0
37600,0,2,0
37773,0,2,0
37919,3,3,1
38088,0,3,0
38127,0,1,0
38187,4,2,0
38231,4,4,1
38453,2,2,1
38521,1,2,0
38987,3,2,0
39112,1,4,0
39382,4,1,0
39552,1,0,0
39696,0,0,1
39874,1,1,1
40272,4,1,0
40543,0,0,1
40935,2,1,0
41271,4,2,0
41530,0,3,0
41677,3,3,1
41680,3,1,0
41727,1,1,1
41761,1,4,0
41809,3,3,1
41813,1,4,0
41868,1,0,0
41900,0,0,1
42454,0,1,0
42581,2,2,1
42608,4,1,0
42660,1,4,0
42713,4,1,0
43073,1,3,0
43176,4,0,0
43211,2,3,0
43333,4,2,0
43430,0,0,1
43475,3,3,1
44002,2,3,0
44027,2,3,0
44260,3,3,1
44279,0,3,0
44348,0,3,0
44402,4,3,0
44820,4,1,0
44846,3,3,1
45594,0,4,0
46217,1,2,0
46236,3,3,1
46975,1,2,0
47144,4,4,1
47484,1,2,0
47561,1,1,1
47631,0,3,0
48104,2,2,1
48165,3,2,0
48397,2,3,0
48409,3,4,0
48451,0,0,1
48667,2,0,0
49519,3,3,1
49766,1,4,0
49778,1,2,0
49845,0,3,0
50056,1,4,0
50256,1,2,0
50295,1,1,1
50598,4,1,0
50635,3,3,1
50720,2,2,1
50763,4,1,0
50815,0,2,0
50870,4,0,0
50884,0,2,0
50966,3,1,0
51647,3,2,0
51672,2,2,1
52060,1,3,0
52279,0,0,1
52526,2,2,1
52527,0,0,1
52645,3,3,1
52717,4,1,0
52835,2,3,0
52854,4,4,1
52910,4,2,0
52936,4,4,1
52968,3,1,0
53140,2,3,0
53147,4,1,0
53210,0,4,0
53632,4,4,1
53797,3,3,1
53828,4,2,0
54230,0,0,1
54311,4,1,0
54674,1,1,1
54948,2,3,0
54959,1,2,0
55298,2,3,0
55350,4,0,0
55571,1,2,0
55591,1,0,0
55644,2,2,1
55839,2,3,0
56274,1,1,1
56334,2,4,0
56468,4,2,0
56511,3,0,0
56768,1,2,0
56965,4,4,1
57138,0,0,1
57147,4,0,0
57204,1,0,0
57465,3,3,1
57507,2,2,1
57528,0,1,0
57575,0,3,0
57655,4,0,0
57968,0,1,0
58096,4,2,0
58259,4,4,1
58394,1,3,0
58682,2,4,0
59041,2,3,0
59931,0,3,0
59965,1,0,0
60018,2,3,0
60204,2,3,0
60279,1,4,0
60314,4,1,0
60383,0,0,1
60391,1,3,0
60605,0,3,0
60722,2,4,0
60971,4,3,0
61292,2,1,0
61315,2,2,1
61514,0,1,0
62440,4,1,0
62908,3,0,0
63085,2,4,0
63335,1,2,0
63377,4,0,0
63459,2,3,0
63598,4,2,0
64033,3,3,1
64404,1,2,0
64529,4,0,0
64597,3,3,1
64643,0,0,1
64877,2,3,0
65115,1,4,0
65140,3,4,0
65597,0,0,1
66130,1,1,1
66157,2,1,0
66333,2,3,0
66362,4,2,0
66393,3,0,0
66415,1,1,1
67699,3,3,1
67843,4,1,0
68473,1,4,0
68584,3,2,0
68608,4,0,0
68612,1,1,1
68620,0,0,1
68957,0,4,0
69007,0,4,0
69357,1,0,0
69702,2,0,0
69769,4,2,0
69793,3,1,0
70043,2,2,1
71280,4,1,0
71416,3,1,0
71673,3,3,1
72242,4,0,0
72329,3,4,0
72440,1,2,0
72542,4,1,0
72611,2,4,0
72759,4,0,0
73248,0,3,0
73277,4,1,0
73513,4,4,1
73998,4,4,1
74104,1,1,1
74820,1,4,0
74904,2,3,0
75618,3,0,0
75738,0,4,0
75890,2,1,0
76442,0,0,1
76465,0,2,0
76555,0,1,0
76728,0,1,0
76855,2,1,0
77029,3,4,0
77085,4,2,0
77220,1,1,1
77259,1,1,1
77382,1,0,0
77408,3,0,0
77645,2,4,0
77783,3,4,0
77833,1,1,1
77859,2,0,0
78085,4,0,0
78150,2,0,0
78241,0,0,1
78447,4,1,0
78844,4,0,0
78922,0,0,1
78964,2,0,0
79096,0,0,1
79463,0,0,1
79604,2,4,0
79629,2,4,0
79734,1,4,0
79943,3,4,0
80037,4,2,0
80357,4,0,0
80709,3,0,0
80737,0,4,0
80799,0,4,0
80978,1,3,0
81077,2,1,0
81423,2,1,0
81600,2,3,0
81855,2,1,0
81896,3,0,0
82255,0,3,0
82619,0,1,0
82631,4,1,0
83854,4,0,0
84213,2,4,0
84617,0,0,1
84937,3,4,0
85075,2,1,0
85230,2,3,0
85333,1,0,0
85410,4,0,0
85429,3,4,0
85670,1,0,0
85671,4,2,0
86158,2,4,0
86258,2,1,0
86700,2,4,0
86776,3,3,1
86921,3,3,1
86999,1,1,1
87039,2,2,1
87070,0,0,1
87171,0,0,1
87638,3,0,0
87775,3,1,0
87869,0,0,1
88273,1,2,0
88329,3,1,0
88546,3,1,0
88737,0,2,0
88782,0,0,1
88899,4,0,0
88989,0,4,0
89008,3,4,0
89016,3,0,0
89303,4,1,0
89891,1,3,0
89962,3,4,0
90222,3,3,1
90429,1,4,0
90832,2,1,0
91011,2,4,0
91259,3,4,0
91421,1,1,1
91684,0,3,0
92061,4,0,0
92065,4,4,1
92834,2,1,0
92893,0,4,0
93126,0,2,0
93127,2,3,0
93468,2,1,0
93761,1,1,1
93782,1,1,1
94607,4,2,0
94844,3,3,1
94921,3,2,0
94959,1,1,1
95240,3,3,1
95612,4,4,1
95755,3,3,1
96213,4,4,1
96227,0,4,0
96614,4,2,0
97895,4,4,1
97935,1,1,1
98146,1,4,0
98153,2,1,0
98429,3,4,0
98550,0,0,1
99166,1,3,0
99247,4,0,0
99490,2,4,0
99945,3,4,0
99961,4,0,0
100013,4,0,0
100382,2,2,1
100474,4,0,0
100595,1,1,1
100904,1,4,0
101742,2,2,1
101928,3,4,0
102033,1,1,1
102068,4,4,1
102402,1,0,0
102687,3,0,0
102789,4,4,1
102985,0,0,1
103246,0,1,0
